experiment_group,category,dataset,model,mode,llm,subsample,prompt_mix,label_type,alpha,max_input_length,batch_size,optimizer,lr,run,train_duration,train_steps,test_acc,eval_acc
Subsampling ANLI1,standard Finetuning,anli1,t5-v1_1-base,standard,None,0.125,0,gt,0.5,1024,64,AdamW,5e-05,0,2528.0,3750,0.349,0.347
Subsampling ANLI1,standard Finetuning,anli1,t5-v1_1-base,standard,None,0.25,0,gt,0.5,1024,64,AdamW,5e-05,0,3738.0,5500,0.434,0.403
Subsampling ANLI1,standard Finetuning,anli1,t5-v1_1-base,standard,None,0.5,0,gt,0.5,1024,64,AdamW,5e-05,0,8497.0,9500,0.346,0.342
Subsampling ANLI1,standard Finetuning,anli1,t5-v1_1-base,standard,None,1.0,0,gt,0.5,1024,64,AdamW,5e-05,0,5848.0,6500,0.341,0.334
RERUN Subsampling ANLI1,standard Finetuning,anli1,t5-v1_1-base,standard,None,0.125,0,gt,0.5,1024,32,AdamW,5e-05,1,2901.0,10000,0.441,0.387
RERUN Subsampling ANLI1,standard Finetuning,anli1,t5-v1_1-base,standard,None,0.25,0,gt,0.5,1024,32,AdamW,5e-05,1,2869.0,10000,0.355,0.345
RERUN Subsampling ANLI1,standard Finetuning,anli1,t5-v1_1-base,standard,None,0.5,0,gt,0.5,1024,32,AdamW,5e-05,1,2896.0,10000,0.432,0.391
RERUN Subsampling ANLI1,standard Finetuning,anli1,t5-v1_1-base,standard,None,1.0,0,gt,0.5,1024,32,AdamW,5e-05,1,2858.0,10000,0.437,0.392
RERUN Subsampling ANLI1,standard Finetuning,anli1,t5-v1_1-base,standard,None,0.125,0,gt,0.5,1024,32,AdamW,5e-05,2,2895.0,10000,0.351,0.343
RERUN Subsampling ANLI1,standard Finetuning,anli1,t5-v1_1-base,standard,None,0.25,0,gt,0.5,1024,32,AdamW,5e-05,2,2895.0,10000,0.358,0.349
RERUN Subsampling ANLI1,standard Finetuning,anli1,t5-v1_1-base,standard,None,0.5,0,gt,0.5,1024,32,AdamW,5e-05,2,2912.0,10000,0.347,0.335
RERUN Subsampling ANLI1,standard Finetuning,anli1,t5-v1_1-base,standard,None,1.0,0,gt,0.5,1024,32,AdamW,5e-05,2,2877.0,10000,0.348,0.33
Subsampling ANLI1,step-by-step Finetuning,anli1,t5-v1_1-base,task_prefix,palm,0.125,0,gt,0.5,1024,64,AdamW,5e-05,0,7970.0,5750,0.441,0.401
Subsampling ANLI1,step-by-step Finetuning,anli1,t5-v1_1-base,task_prefix,palm,0.25,0,gt,0.5,1024,64,AdamW,5e-05,0,12580.0,9250,0.46,0.426
Subsampling ANLI1,step-by-step Finetuning,anli1,t5-v1_1-base,task_prefix,palm,0.5,0,gt,0.5,1024,64,AdamW,5e-05,0,11525.0,8250,0.475,0.423
Subsampling ANLI1,step-by-step Finetuning,anli1,t5-v1_1-base,task_prefix,palm,1.0,0,gt,0.5,1024,64,AdamW,5e-05,0,13986.0,10000,0.52,0.496
RERUN Subsampling ANLI1,step-by-step Finetuning,anli1,t5-v1_1-base,task_prefix,palm,0.125,0,gt,0.5,1024,32,AdamW,5e-05,1,5352.0,10000,0.448,0.402
RERUN Subsampling ANLI1,step-by-step Finetuning,anli1,t5-v1_1-base,task_prefix,palm,0.25,0,gt,0.5,1024,32,AdamW,5e-05,1,5436.0,10000,0.47,0.441
RERUN Subsampling ANLI1,step-by-step Finetuning,anli1,t5-v1_1-base,task_prefix,palm,0.5,0,gt,0.5,1024,32,AdamW,5e-05,1,5352.0,10000,0.452,0.4
RERUN Subsampling ANLI1,step-by-step Finetuning,anli1,t5-v1_1-base,task_prefix,palm,1.0,0,gt,0.5,1024,32,AdamW,5e-05,1,5457.0,10000,0.48,0.469
RERUN Subsampling ANLI1,step-by-step Finetuning,anli1,t5-v1_1-base,task_prefix,palm,0.125,0,gt,0.5,1024,32,AdamW,5e-05,2,5422.0,10000,0.434,0.379
RERUN Subsampling ANLI1,step-by-step Finetuning,anli1,t5-v1_1-base,task_prefix,palm,0.25,0,gt,0.5,1024,32,AdamW,5e-05,2,5445.0,10000,0.464,0.436
RERUN Subsampling ANLI1,step-by-step Finetuning,anli1,t5-v1_1-base,task_prefix,palm,0.5,0,gt,0.5,1024,32,AdamW,5e-05,2,5503.0,10000,0.478,0.47
RERUN Subsampling ANLI1,step-by-step Finetuning,anli1,t5-v1_1-base,task_prefix,palm,1.0,0,gt,0.5,1024,32,AdamW,5e-05,2,5445.0,10000,0.459,0.423
Subsampling ANLI1 GPT35,step-by-step Finetuning,anli1,t5-v1_1-base,task_prefix,gpt35,0.125,6,gt,0.5,1024,32,AdamW,5e-05,0,6015.0,10000,0.427,0.379
Subsampling ANLI1 GPT35,step-by-step Finetuning,anli1,t5-v1_1-base,task_prefix,gpt35,0.25,6,gt,0.5,1024,32,AdamW,5e-05,0,5921.0,10000,0.473,0.451
Subsampling ANLI1 GPT35,step-by-step Finetuning,anli1,t5-v1_1-base,task_prefix,gpt35,0.5,6,gt,0.5,1024,32,AdamW,5e-05,0,5960.0,10000,0.448,0.434
Subsampling ANLI1 GPT35,step-by-step Finetuning,anli1,t5-v1_1-base,task_prefix,gpt35,1.0,6,gt,0.5,1024,32,AdamW,5e-05,0,5992.0,10000,0.485,0.451
RERUN Subsampling ANLI1 GPT35,step-by-step Finetuning,anli1,t5-v1_1-base,task_prefix,gpt35,0.125,6,gt,0.5,1024,32,AdamW,5e-05,1,6119.0,10000,0.456,0.424
RERUN Subsampling ANLI1 GPT35,step-by-step Finetuning,anli1,t5-v1_1-base,task_prefix,gpt35,0.25,6,gt,0.5,1024,32,AdamW,5e-05,1,6032.0,10000,0.443,0.409
RERUN Subsampling ANLI1 GPT35,step-by-step Finetuning,anli1,t5-v1_1-base,task_prefix,gpt35,0.5,6,gt,0.5,1024,32,AdamW,5e-05,1,6029.0,10000,0.468,0.473
RERUN Subsampling ANLI1 GPT35,step-by-step Finetuning,anli1,t5-v1_1-base,task_prefix,gpt35,1.0,6,gt,0.5,1024,32,AdamW,5e-05,1,6142.0,10000,0.484,0.469
RERUN Subsampling ANLI1 GPT35,step-by-step Finetuning,anli1,t5-v1_1-base,task_prefix,gpt35,0.125,6,gt,0.5,1024,32,AdamW,5e-05,2,None,None,None,None
RERUN Subsampling ANLI1 GPT35,step-by-step Finetuning,anli1,t5-v1_1-base,task_prefix,gpt35,0.25,6,gt,0.5,1024,32,AdamW,5e-05,2,None,None,None,None
RERUN Subsampling ANLI1 GPT35,step-by-step Finetuning,anli1,t5-v1_1-base,task_prefix,gpt35,0.5,6,gt,0.5,1024,32,AdamW,5e-05,2,None,None,None,None
RERUN Subsampling ANLI1 GPT35,step-by-step Finetuning,anli1,t5-v1_1-base,task_prefix,gpt35,1.0,6,gt,0.5,1024,32,AdamW,5e-05,2,None,None,None,None
Subsampling ANLI1 GPT35 LABEL GIVEN,step-by-step Finetuning,anli1,t5-v1_1-base,task_prefix,gpt35,0.125,8,gt,0.5,1024,32,AdamW,5e-05,0,5004.0,10000,0.411,0.391
Subsampling ANLI1 GPT35 LABEL GIVEN,step-by-step Finetuning,anli1,t5-v1_1-base,task_prefix,gpt35,0.25,8,gt,0.5,1024,32,AdamW,5e-05,0,5070.0,10000,0.436,0.396
Subsampling ANLI1 GPT35 LABEL GIVEN,step-by-step Finetuning,anli1,t5-v1_1-base,task_prefix,gpt35,0.5,8,gt,0.5,1024,32,AdamW,5e-05,0,5284.0,10000,0.458,0.445
Subsampling ANLI1 GPT35 LABEL GIVEN,step-by-step Finetuning,anli1,t5-v1_1-base,task_prefix,gpt35,1.0,8,gt,0.5,1024,32,AdamW,5e-05,0,5093.0,10000,0.472,0.48
RERUN Subsampling ANLI1 GPT35 LABEL GIVEN,step-by-step Finetuning,anli1,t5-v1_1-base,task_prefix,gpt35,0.125,8,gt,0.5,1024,32,AdamW,5e-05,1,None,None,None,None
RERUN Subsampling ANLI1 GPT35 LABEL GIVEN,step-by-step Finetuning,anli1,t5-v1_1-base,task_prefix,gpt35,0.25,8,gt,0.5,1024,32,AdamW,5e-05,1,None,None,None,None
RERUN Subsampling ANLI1 GPT35 LABEL GIVEN,step-by-step Finetuning,anli1,t5-v1_1-base,task_prefix,gpt35,0.5,8,gt,0.5,1024,32,AdamW,5e-05,1,None,None,None,None
RERUN Subsampling ANLI1 GPT35 LABEL GIVEN,step-by-step Finetuning,anli1,t5-v1_1-base,task_prefix,gpt35,1.0,8,gt,0.5,1024,32,AdamW,5e-051,1,None,None,None,None
RERUN Subsampling ANLI1 GPT35 LABEL GIVEN,step-by-step Finetuning,anli1,t5-v1_1-base,task_prefix,gpt35,0.125,8,gt,0.5,1024,32,AdamW,5e-05,2,None,None,None,None
RERUN Subsampling ANLI1 GPT35 LABEL GIVEN,step-by-step Finetuning,anli1,t5-v1_1-base,task_prefix,gpt35,0.25,8,gt,0.5,1024,32,AdamW,5e-05,2,None,None,None,None
RERUN Subsampling ANLI1 GPT35 LABEL GIVEN,step-by-step Finetuning,anli1,t5-v1_1-base,task_prefix,gpt35,0.5,8,gt,0.5,1024,32,AdamW,5e-05,2,None,None,None,None
RERUN Subsampling ANLI1 GPT35 LABEL GIVEN,step-by-step Finetuning,anli1,t5-v1_1-base,task_prefix,gpt35,1.0,8,gt,0.5,1024,32,AdamW,5e-051,2,None,None,None,None
Subsampling ANLI1,standard Distillation,anli1,t5-v1_1-base,standard,palm,0.125,0,llm,0.5,1024,64,AdamW,5e-05,0,5043.0,7500,0.344,0.345
Subsampling ANLI1,standard Distillation,anli1,t5-v1_1-base,standard,palm,0.25,0,llm,0.5,1024,64,AdamW,5e-05,0,6754.0,10000,0.39,0.408
Subsampling ANLI1,standard Distillation,anli1,t5-v1_1-base,standard,palm,0.5,0,llm,0.5,1024,64,AdamW,5e-05,0,5101.0,5500,0.359,0.324
Subsampling ANLI1,standard Distillation,anli1,t5-v1_1-base,standard,palm,1.0,0,llm,0.5,1024,64,AdamW,5e-05,0,9009.0,10000,0.397,0.371
RERUN Subsampling ANLI1,standard Distillation,anli1,t5-v1_1-base,standard,palm,0.125,0,llm,0.5,1024,32,AdamW,5e-05,1,None,None,None,None
RERUN Subsampling ANLI1,standard Distillation,anli1,t5-v1_1-base,standard,palm,0.25,0,llm,0.5,1024,32,AdamW,5e-05,1,None,None,None,None
RERUN Subsampling ANLI1,standard Distillation,anli1,t5-v1_1-base,standard,palm,0.5,0,llm,0.5,1024,32,AdamW,5e-05,1,2865.0,10000,0.374,0.366
RERUN Subsampling ANLI1,standard Distillation,anli1,t5-v1_1-base,standard,palm,1.0,0,llm,0.5,1024,32,AdamW,5e-05,1,2859.0,10000,0.347,0.325
RERUN Subsampling ANLI1,standard Distillation,anli1,t5-v1_1-base,standard,palm,0.125,0,llm,0.5,1024,32,AdamW,5e-05,2,None,None,None,None
RERUN Subsampling ANLI1,standard Distillation,anli1,t5-v1_1-base,standard,palm,0.25,0,llm,0.5,1024,32,AdamW,5e-05,2,None,None,None,None
RERUN Subsampling ANLI1,standard Distillation,anli1,t5-v1_1-base,standard,palm,0.5,0,llm,0.5,1024,32,AdamW,5e-05,2,None,None,None,None
RERUN Subsampling ANLI1,standard Distillation,anli1,t5-v1_1-base,standard,palm,1.0,0,llm,0.5,1024,32,AdamW,5e-05,2,None,None,None,None
Subsampling ANLI1,step-by-step Distillation,anli1,t5-v1_1-base,task_prefix,palm,0.125,0,llm,0.5,1024,64,AdamW,5e-05,0,11069.0,8000,0.399,0.399
Subsampling ANLI1,step-by-step Distillation,anli1,t5-v1_1-base,task_prefix,palm,0.25,0,llm,0.5,1024,64,AdamW,5e-05,0,11969.0,8750,0.413,0.417
Subsampling ANLI1,step-by-step Distillation,anli1,t5-v1_1-base,task_prefix,palm,0.5,0,llm,0.5,1024,64,AdamW,5e-05,0,14003.0,10000,0.441,0.442
Subsampling ANLI1,step-by-step Distillation,anli1,t5-v1_1-base,task_prefix,palm,1.0,0,llm,0.5,1024,64,AdamW,5e-05,0,13976.0,10000,0.456,0.474
RERUN Subsampling ANLI1,step-by-step Distillation,anli1,t5-v1_1-base,task_prefix,palm,0.125,0,llm,0.5,1024,32,AdamW,5e-05,1,None,None,None,None
RERUN Subsampling ANLI1,step-by-step Distillation,anli1,t5-v1_1-base,task_prefix,palm,0.25,0,llm,0.5,1024,32,AdamW,5e-05,1,None,None,None,None
RERUN Subsampling ANLI1,step-by-step Distillation,anli1,t5-v1_1-base,task_prefix,palm,0.5,0,llm,0.5,1024,32,AdamW,5e-05,1,None,None,None,None
RERUN Subsampling ANLI1,step-by-step Distillation,anli1,t5-v1_1-base,task_prefix,palm,1.0,0,llm,0.5,1024,32,AdamW,5e-05,1,None,None,None,None
RERUN Subsampling ANLI1,step-by-step Distillation,anli1,t5-v1_1-base,task_prefix,palm,0.125,0,llm,0.5,1024,32,AdamW,5e-05,2,None,None,None,None
RERUN Subsampling ANLI1,step-by-step Distillation,anli1,t5-v1_1-base,task_prefix,palm,0.25,0,llm,0.5,1024,32,AdamW,5e-05,2,None,None,None,None
RERUN Subsampling ANLI1,step-by-step Distillation,anli1,t5-v1_1-base,task_prefix,palm,0.5,0,llm,0.5,1024,32,AdamW,5e-05,2,None,None,None,None
RERUN Subsampling ANLI1,step-by-step Distillation,anli1,t5-v1_1-base,task_prefix,palm,1.0,0,llm,0.5,1024,32,AdamW,5e-05,2,None,None,None,None
Subsampling ANLI1 GPT35,standard Distillation,anli1,t5-v1_1-base,standard,gpt35,0.125,6,llm,0.5,1024,64,AdamW,5e-05,0,9039.0,10000,0.376,0.372
Subsampling ANLI1 GPT35,standard Distillation,anli1,t5-v1_1-base,standard,gpt35,0.25,6,llm,0.5,1024,64,AdamW,5e-05,0,9062.0,10000,0.369,0.364
Subsampling ANLI1 GPT35,standard Distillation,anli1,t5-v1_1-base,standard,gpt35,0.5,6,llm,0.5,1024,64,AdamW,5e-05,0,9240.0,10000,0.399,0.404
Subsampling ANLI1 GPT35,standard Distillation,anli1,t5-v1_1-base,standard,gpt35,1.0,6,llm,0.5,1024,64,AdamW,5e-05,0,7884.0,8500,0.368,0.395
RERUN Subsampling ANLI1 GPT35,standard Distillation,anli1,t5-v1_1-base,standard,gpt35,0.125,6,llm,0.5,1024,32,AdamW,5e-05,1,None,None,None,None
RERUN Subsampling ANLI1 GPT35,standard Distillation,anli1,t5-v1_1-base,standard,gpt35,0.25,6,llm,0.5,1024,32,AdamW,5e-05,1,2821.0,10000,0.35,0.328
RERUN Subsampling ANLI1 GPT35,standard Distillation,anli1,t5-v1_1-base,standard,gpt35,0.5,6,llm,0.5,1024,32,AdamW,5e-05,1,2849.0,10000,0.371,0.373
RERUN Subsampling ANLI1 GPT35,standard Distillation,anli1,t5-v1_1-base,standard,gpt35,1.0,6,llm,0.5,1024,32,AdamW,5e-05,1,2903.0,10000,0.426,0.396
RERUN Subsampling ANLI1 GPT35,standard Distillation,anli1,t5-v1_1-base,standard,gpt35,0.125,6,llm,0.5,1024,32,AdamW,5e-05,2,None,None,None,None
RERUN Subsampling ANLI1 GPT35,standard Distillation,anli1,t5-v1_1-base,standard,gpt35,0.25,6,llm,0.5,1024,32,AdamW,5e-05,2,None,None,None,None
RERUN Subsampling ANLI1 GPT35,standard Distillation,anli1,t5-v1_1-base,standard,gpt35,0.5,6,llm,0.5,1024,32,AdamW,5e-05,2,None,None,None,None
RERUN Subsampling ANLI1 GPT35,standard Distillation,anli1,t5-v1_1-base,standard,gpt35,1.0,6,llm,0.5,1024,32,AdamW,5e-05,2,None,None,None,None
Subsampling ANLI1 GPT35,step-by-step Distillation,anli1,t5-v1_1-base,task_prefix,gpt35,0.125,6,llm,0.5,1024,32,AdamW,5e-05,0,9266.0,10000,0.415,0.387
Subsampling ANLI1 GPT35,step-by-step Distillation,anli1,t5-v1_1-base,task_prefix,gpt35,0.25,6,llm,0.5,1024,32,AdamW,5e-05,0,8769.0,9500,0.418,0.423
Subsampling ANLI1 GPT35,step-by-step Distillation,anli1,t5-v1_1-base,task_prefix,gpt35,0.5,6,llm,0.5,1024,32,AdamW,5e-05,0,6121.0,10000,0.437,0.425
Subsampling ANLI1 GPT35,step-by-step Distillation,anli1,t5-v1_1-base,task_prefix,gpt35,1.0,6,llm,0.5,1024,32,AdamW,5e-05,0,6046.0,10000,0.435,0.409
RERUN Subsampling ANLI1 GPT35,step-by-step Distillation,anli1,t5-v1_1-base,task_prefix,gpt35,0.125,6,llm,0.5,1024,32,AdamW,5e-05,1,None,None,None,None
RERUN Subsampling ANLI1 GPT35,step-by-step Distillation,anli1,t5-v1_1-base,task_prefix,gpt35,0.25,6,llm,0.5,1024,32,AdamW,5e-05,1,None,None,None,None
RERUN Subsampling ANLI1 GPT35,step-by-step Distillation,anli1,t5-v1_1-base,task_prefix,gpt35,0.5,6,llm,0.5,1024,32,AdamW,5e-05,1,None,None,None,None
RERUN Subsampling ANLI1 GPT35,step-by-step Distillation,anli1,t5-v1_1-base,task_prefix,gpt35,1.0,6,llm,0.5,1024,32,AdamW,5e-05,1,6110.0,10000,0.441,0.44
RERUN Subsampling ANLI1 GPT35,step-by-step Distillation,anli1,t5-v1_1-base,task_prefix,gpt35,0.125,6,llm,0.5,1024,32,AdamW,5e-05,2,None,None,None,None
RERUN Subsampling ANLI1 GPT35,step-by-step Distillation,anli1,t5-v1_1-base,task_prefix,gpt35,0.25,6,llm,0.5,1024,32,AdamW,5e-05,2,None,None,None,None
RERUN Subsampling ANLI1 GPT35,step-by-step Distillation,anli1,t5-v1_1-base,task_prefix,gpt35,0.5,6,llm,0.5,1024,32,AdamW,5e-05,2,None,None,None,None
RERUN Subsampling ANLI1 GPT35,step-by-step Distillation,anli1,t5-v1_1-base,task_prefix,gpt35,1.0,6,llm,0.5,1024,32,AdamW,5e-05,2,None,None,None,None
Subsampling CQA,standard Finetuning,cqa,t5-v1_1-base,standard,None,0.125,0,gt,0.5,1024,64,AdamW,5e-05,0,2085.0,5750,0.474,0.443
Subsampling CQA,standard Finetuning,cqa,t5-v1_1-base,standard,None,0.25,0,gt,0.5,1024,64,AdamW,5e-05,0,1940.0,5250,0.55,0.533
Subsampling CQA,standard Finetuning,cqa,t5-v1_1-base,standard,None,0.5,0,gt,0.5,1024,64,AdamW,5e-05,0,3081.0,8250,0.605,0.532
Subsampling CQA,standard Finetuning,cqa,t5-v1_1-base,standard,None,1.0,0,gt,0.5,1024,64,AdamW,5e-05,0,2776.0,7500,0.625,0.591
RERUN Subsampling CQA,standard Finetuning,cqa,t5-v1_1-base,standard,None,0.125,0,gt,0.5,1024,32,AdamW,5e-05,1,None,None,None,None
RERUN Subsampling CQA,standard Finetuning,cqa,t5-v1_1-base,standard,None,0.25,0,gt,0.5,1024,32,AdamW,5e-05,1,None,None,None,None
RERUN Subsampling CQA,standard Finetuning,cqa,t5-v1_1-base,standard,None,0.5,0,gt,0.5,1024,32,AdamW,5e-05,1,None,None,None,None
RERUN Subsampling CQA,standard Finetuning,cqa,t5-v1_1-base,standard,None,1.0,0,gt,0.5,1024,32,AdamW,5e-05,1,None,None,None,None
RERUN Subsampling CQA,standard Finetuning,cqa,t5-v1_1-base,standard,None,0.125,0,gt,0.5,1024,32,AdamW,5e-05,2,None,None,None,None
RERUN Subsampling CQA,standard Finetuning,cqa,t5-v1_1-base,standard,None,0.25,0,gt,0.5,1024,32,AdamW,5e-05,2,None,None,None,None
RERUN Subsampling CQA,standard Finetuning,cqa,t5-v1_1-base,standard,None,0.5,0,gt,0.5,1024,32,AdamW,5e-05,2,None,None,None,None
RERUN Subsampling CQA,standard Finetuning,cqa,t5-v1_1-base,standard,None,1.0,0,gt,0.5,1024,32,AdamW,5e-05,2,None,None,None,None
Subsampling CQA,step-by-step Finetuning,cqa,t5-v1_1-base,task_prefix,palm,0.125,0,gt,0.5,1024,64,AdamW,5e-05,0,4124.0,5250,0.468,0.402
Subsampling CQA,step-by-step Finetuning,cqa,t5-v1_1-base,task_prefix,palm,0.25,0,gt,0.5,1024,64,AdamW,5e-05,0,6227.0,7750,0.55,0.488
Subsampling CQA,step-by-step Finetuning,cqa,t5-v1_1-base,task_prefix,palm,0.5,0,gt,0.5,1024,64,AdamW,5e-05,0,5106.0,6250,0.617,0.567
Subsampling CQA,step-by-step Finetuning,cqa,t5-v1_1-base,task_prefix,palm,1.0,0,gt,0.5,1024,64,AdamW,5e-05,0,8170.0,10000,0.631,0.598
RERUN Subsampling CQA,step-by-step Finetuning,cqa,t5-v1_1-base,task_prefix,palm,0.125,0,gt,0.5,1024,32,AdamW,5e-05,1,None,None,None,None
RERUN Subsampling CQA,step-by-step Finetuning,cqa,t5-v1_1-base,task_prefix,palm,0.25,0,gt,0.5,1024,32,AdamW,5e-05,1,None,None,None,None
RERUN Subsampling CQA,step-by-step Finetuning,cqa,t5-v1_1-base,task_prefix,palm,0.5,0,gt,0.5,1024,32,AdamW,5e-05,1,None,None,None,None
RERUN Subsampling CQA,step-by-step Finetuning,cqa,t5-v1_1-base,task_prefix,palm,1.0,0,gt,0.5,1024,32,AdamW,5e-05,1,None,None,None,None
RERUN Subsampling CQA,step-by-step Finetuning,cqa,t5-v1_1-base,task_prefix,palm,0.125,0,gt,0.5,1024,32,AdamW,5e-05,2,None,None,None,None
RERUN Subsampling CQA,step-by-step Finetuning,cqa,t5-v1_1-base,task_prefix,palm,0.25,0,gt,0.5,1024,32,AdamW,5e-05,2,None,None,None,None
RERUN Subsampling CQA,step-by-step Finetuning,cqa,t5-v1_1-base,task_prefix,palm,0.5,0,gt,0.5,1024,32,AdamW,5e-05,2,None,None,None,None
RERUN Subsampling CQA,step-by-step Finetuning,cqa,t5-v1_1-base,task_prefix,palm,1.0,0,gt,0.5,1024,32,AdamW,5e-05,2,None,None,None,None
Subsampling CQA,standard Distillation,cqa,t5-v1_1-base,standard,palm,0.125,0,llm,0.5,1024,64,AdamW,5e-05,0,2891.0,8000,0.468,0.451
Subsampling CQA,standard Distillation,cqa,t5-v1_1-base,standard,palm,0.25,0,llm,0.5,1024,64,AdamW,5e-05,0,3021.0,8250,0.494,0.455
Subsampling CQA,standard Distillation,cqa,t5-v1_1-base,standard,palm,0.5,0,llm,0.5,1024,64,AdamW,5e-05,0,2667.0,6750,0.578,0.511
Subsampling CQA,standard Distillation,cqa,t5-v1_1-base,standard,palm,1.0,0,llm,0.5,1024,64,AdamW,5e-05,0,2913.0,7750,0.593,0.557
Subsampling CQA,step-by-step Distillation,cqa,t5-v1_1-base,task_prefix,palm,0.125,0,llm,0.5,1024,64,AdamW,5e-05,0,4134.0,5250,0.469,0.41
Subsampling CQA,step-by-step Distillation,cqa,t5-v1_1-base,task_prefix,palm,0.25,0,llm,0.5,1024,64,AdamW,5e-05,0,4666.0,5750,0.54,0.566
Subsampling CQA,step-by-step Distillation,cqa,t5-v1_1-base,task_prefix,palm,0.5,0,llm,0.5,1024,64,AdamW,5e-05,0,5328.0,6500,0.575,0.517
Subsampling CQA,step-by-step Distillation,cqa,t5-v1_1-base,task_prefix,palm,1.0,0,llm,0.5,1024,64,AdamW,5e-05,0,8228.0,10000,0.618,0.567
Subsampling CQA GPT35,step-by-step Finetuning,cqa,t5-v1_1-base,task_prefix,gpt35,0.125,7,gt,0.5,1024,32,AdamW,5e-05,0,3624.0,10000,0.521,0.475
Subsampling CQA GPT35,step-by-step Finetuning,cqa,t5-v1_1-base,task_prefix,gpt35,0.25,7,gt,0.5,1024,32,AdamW,5e-05,0,3639.0,10000,0.58,0.512
Subsampling CQA GPT35,step-by-step Finetuning,cqa,t5-v1_1-base,task_prefix,gpt35,0.5,7,gt,0.5,1024,32,AdamW,5e-05,0,3615.0,10000,0.615,0.55
Subsampling CQA GPT35,step-by-step Finetuning,cqa,t5-v1_1-base,task_prefix,gpt35,1.0,7,gt,0.5,1024,32,AdamW,5e-05,0,3581.0,10000,0.628,0.608
RERUN Subsampling CQA GPT35,step-by-step Finetuning,cqa,t5-v1_1-base,task_prefix,gpt35,0.125,7,gt,0.5,1024,32,AdamW,5e-05,1,None,None,None,None
RERUN Subsampling CQA GPT35,step-by-step Finetuning,cqa,t5-v1_1-base,task_prefix,gpt35,0.25,7,gt,0.5,1024,32,AdamW,5e-05,1,None,None,None,None
RERUN Subsampling CQA GPT35,step-by-step Finetuning,cqa,t5-v1_1-base,task_prefix,gpt35,0.5,7,gt,0.5,1024,32,AdamW,5e-05,1,None,None,None,None
RERUN Subsampling CQA GPT35,step-by-step Finetuning,cqa,t5-v1_1-base,task_prefix,gpt35,1.0,7,gt,0.5,1024,32,AdamW,5e-05,1,None,None,None,None
RERUN Subsampling CQA GPT35,step-by-step Finetuning,cqa,t5-v1_1-base,task_prefix,gpt35,0.125,7,gt,0.5,1024,32,AdamW,5e-05,2,None,None,None,None
RERUN Subsampling CQA GPT35,step-by-step Finetuning,cqa,t5-v1_1-base,task_prefix,gpt35,0.25,7,gt,0.5,1024,32,AdamW,5e-05,2,None,None,None,None
RERUN Subsampling CQA GPT35,step-by-step Finetuning,cqa,t5-v1_1-base,task_prefix,gpt35,0.5,7,gt,0.5,1024,32,AdamW,5e-05,2,None,None,None,None
RERUN Subsampling CQA GPT35,step-by-step Finetuning,cqa,t5-v1_1-base,task_prefix,gpt35,1.0,7,gt,0.5,1024,32,AdamW,5e-05,2,None,None,None,None
Subsampling CQA GPT35,standard Distillation,cqa,t5-v1_1-base,standard,gpt35,0.125,7,llm,0.5,1024,32,AdamW,5e-05,0,2234.0,10000,0.464,0.418
Subsampling CQA GPT35,standard Distillation,cqa,t5-v1_1-base,standard,gpt35,0.25,7,llm,0.5,1024,32,AdamW,5e-05,0,2185.0,10000,0.521,0.533
Subsampling CQA GPT35,standard Distillation,cqa,t5-v1_1-base,standard,gpt35,0.5,7,llm,0.5,1024,32,AdamW,5e-05,0,2204.0,10000,0.565,0.509
Subsampling CQA GPT35,standard Distillation,cqa,t5-v1_1-base,standard,gpt35,1.0,7,llm,0.5,1024,32,AdamW,5e-05,0,2211.0,10000,0.586,0.568
Subsampling CQA GPT35,step-by-step Distillation,cqa,t5-v1_1-base,task_prefix,gpt35,0.125,7,llm,0.5,1024,32,AdamW,5e-05,0,3532.0,10000,0.487,0.426
Subsampling CQA GPT35,step-by-step Distillation,cqa,t5-v1_1-base,task_prefix,gpt35,0.25,7,llm,0.5,1024,32,AdamW,5e-05,0,3508.0,10000,0.564,0.553
Subsampling CQA GPT35,step-by-step Distillation,cqa,t5-v1_1-base,task_prefix,gpt35,0.5,7,llm,0.5,1024,32,AdamW,5e-05,0,3633.0,10000,0.579,0.517
Subsampling CQA GPT35,step-by-step Distillation,cqa,t5-v1_1-base,task_prefix,gpt35,1.0,7,llm,0.5,1024,32,AdamW,5e-05,0,3557.0,10000,0.618,0.593
Model Size ANLI1,standard Finetuning,anli1,t5-v1_1-large,standard,None,1.0,0,gt,0.5,1024,32,AdamW,5e-05,0,7385.0,10000,0.619,0.608
Model Size ANLI1,standard Finetuning,anli1,t5-v1_1-xl,standard,None,1.0,0,gt,0.5,1024,8,AdamW,5e-05,0,None,None,None,None
Model Size ANLI1,standard Distillation,anli1,t5-v1_1-large,standard,palm,1.0,0,llm,0.5,1024,32,AdamW,5e-05,0,7301.0,10000,0.557,0.548
Model Size ANLI1,standard Distillation,anli1,t5-v1_1-xl,standard,palm,1.0,0,llm,0.5,1024,8,AdamW,5e-05,0,None,None,None,None
Model Size ANLI1,step-by-step Finetuning,anli1,t5-v1_1-large,task_prefix,palm,1.0,0,gt,0.5,1024,8,AdamW,5e-05,0,7116.0,10000,0.664,0.649
Model Size ANLI1,step-by-step Finetuning,anli1,t5-v1_1-xl,task_prefix,palm,1.0,0,gt,0.5,1024,8,AdamW,5e-05,0,None,None,None,None
Model Size ANLI1,step-by-step Distillation,anli1,t5-v1_1-large,task_prefix,palm,1.0,0,llm,0.5,1024,8,AdamW,5e-05,0,7319.0,10000,0.579,0.582
Model Size ANLI1,step-by-step Distillation,anli1,t5-v1_1-xl,task_prefix,palm,1.0,0,llm,0.5,1024,8,AdamW,5e-05,0,None,None,None,None
